{
    "loss": 0.9118342399597168,
    "accuracy": 0.9655172228813171
}