{
    "loss": 0.9453940987586975,
    "accuracy": 0.9568965435028076
}